https://www.epochtimes.com/gb/20/4/25/n12059659.htm,田云：4·25守护正信 中共迫害走上不归路
https://github.com/gfw-breaker/mh-news/blob/master/pages/73/404974.md,【特稿】二波瘟疫将起，又将定时定地？（上）
https://github.com/gfw-breaker/mh-news/blob/master/pages/73/405126.md,【特稿】二波瘟疫将起，又将定时定地？（下）
https://www.secretchina.com/news/gb/2020/05/13/933103.html,重拳：若拒病毒调查 北京将面临冻结资产
https://github.com/gfw-breaker/mh-news/blob/master/pages/73/405151.md,中共赖不过去的账　谁来还？
https://www.epochtimes.com/gb/20/5/9/n12095748.htm,诸葛高参：别睡了，瘟神来了
https://www.ntdtv.com/gb/2020/05/04/a102838064.html,郭文贵：比石正丽更高级官员逃美 文件惊呆欧洲元首
https://www.epochtimes.com/gb/20/5/3/n12080214.htm,蓬佩奥：大量证据将病毒和武汉实验室相联
https://www.epochtimes.com/gb/20/5/4/n12080606.htm,公安部洗牌 港警丑闻曝光 牵出国安级爆料
https://www.secretchina.com/news/gb/2020/05/03/931924.html,网传江派大员孟建柱被抓 大批公安被带走
https://www.secretchina.com/news/gb/2020/05/04/932024.html,全球经济大封锁铁幕拉开……
https://www.epochtimes.com/gb/20/4/27/n12064980.htm,庚子年忧思疯传 北京的7大麻烦
https://www.epochtimes.com/gb/20/4/25/n12060669.htm,中共肺炎为何在新泽西大爆发？（2）
https://ntdtv.com/gb/2020/04/27/a102832568.html,最新视频，有条件可上网观看: "中共：霸凌世界三部曲"
https://www.ntdtv.com/gb/2020/04/23/a102829962.html,越亲中共疫情越重 防疫有良方
https://www.epochtimes.com/gb/20/4/24/n12058500.htm,奉中共为经济救主 密西根全美死亡率最高
https://www.epochtimes.com/gb/20/4/25/n12059924.htm,传武汉P4人员外逃 东北严防炭疽
/daoye.md,疫情“倒爷”自述：你知道外国买家怎么看我们吗
/Aiguozhei.md,这些「爱国贼」，害惨了我的国
/whbddgb.md,中共病毒的告白
https://www.secretchina.com/news/gb/2020/04/22/930612.html,北京慌了 对它引发病毒大流行的诉讼猛增
https://www.ntdtv.com/gb/2020/04/21/a102828015.html,张明健：习近平与江泽民的恐怖交易 宣告破局
https://www.ntdtv.com/gb/2020/04/21/a102828362.html,全球1万染疫者起诉中共赔偿 来自40国
https://www.epochtimes.com/gb/20/4/17/n12038547.htm,世界追索中共 中国百姓如何才能不买单
https://ntdtv.com/gb/2020/04/19/a102826583.html,【瘟疫与中共】欧洲人苏醒了 中欧关系风向大变
https://www.epochtimes.com/gb/20/4/19/n12044309.htm,中国逾2亿人失业 威胁国民基本生计
https://www.epochtimes.com/gb/20/4/19/n12044385.htm,大瘟疫如何追究中共罪责？ 五专家出谋划策
https://www.epochtimes.com/gb/20/4/19/n12044204.htm,夏小强：看苍天饶过谁 前610副主任落马
https://www.epochtimes.com/b5/20/4/19/n12044311.htm,1,200美元不敵50元RMB？陸媒貶美遭吐槽
https://www.ntdtv.com/gb/2020/04/20/a102827003.html,孙力军突然落马 传绝密文件藏海外 妻存款数百亿
https://www.ntdtv.com/gb/2020/04/20/a102826973.html,川普“赶他走”话音刚落 党媒在白宫立马消失
https://www.ntdtv.com/gb/2020/04/19/a102826903.html,中共深度渗透 联合国189人染疫3人死亡
https://www.epochtimes.com/gb/20/4/15/n12031411.htm,虐杀193人 哈市610官员全曝光
https://www.epochtimes.com/gb/20/4/14/n12030636.htm,欧洲游客染瘟疫 痛斥中共后奇迹般康复
http://www.secretchina.com/news/gb/2020/04/15/929812.html,历史在今天重演 死亡与复活并存(图)中共病毒
https://github.com/gfw-breaker/mh-news/blob/master/pages/251/403667.md,从武汉肺炎“抢钱”说起
https://www.epochtimes.com/gb/20/4/7/n12010892.htm,【内幕】刀笔齐握 中共政法网军运作解密
https://www.epochtimes.com/gb/20/4/10/n12021047.htm,【独家】黑龙江文件揭绥芬河疫情爆发真相
https://www.ntdtv.com/gb/2020/04/10/a102820365.html,退伍军人揭中共镇压疆藏港人的恐怖经历
https://github.com/gfw-breaker/mh-news/blob/master/pages/251/403583.md,大疫面前 正常国家的政府们怎么做？
https://www.secretchina.com/news/gb/2020/04/10/929179.html,任志强被查：红二代分三类 一类准备将江山交人民
https://www.ntdtv.com/gb/2020/04/09/a102819660.html,河南惨剧：一家陷入绝境 挂牌“转让”女儿
https://www.ntdtv.com/gb/2020/04/09/a102819537.html,全球群起追责 中共盟友也倒戈
https://www.epochtimes.com/gb/20/4/9/n12016703.htm,外债2万亿美元 中共靠举债填补外汇收入
https://www.ntdtv.com/gb/2020/04/08/a102818252.html,任志强被立案审查 知情人曝蔡奇拍板向中南海交代
https://www.ntdtv.com/gb/2020/04/08/a102818335.html,武汉解封10万人急逃：怕政策有变，能走快走！
https://www.ntdtv.com/gb/2020/04/07/a102818102.html,30万黑人染疫一口气超美 广州一级响应紧急封封封
https://www.epochtimes.com/gb/20/4/7/n12009437.htm,【拍案惊奇】美疫情严峻 G7向中共索赔3万多亿？
https://github.com/gfw-breaker/mh-news/blob/master/pages/365/403428.md,疫情数据显示 中共党员是高危人群
https://github.com/gfw-breaker/mh-news/blob/master/pages/251/403301.md,武汉人解读中共肺炎
https://github.com/gfw-breaker/mh-news/blob/master/pages/365/403381.md,武汉人用真名三退后全家得救
https://www.secretchina.com/news/gb/2020/04/07/928868.html,病毒变身终结者 庚子大劫有天机
https://www.secretchina.com/news/gb/2020/04/07/928821.html,古人怎么与瘟疫相处
https://www.secretchina.com/news/gb/2020/04/06/928477.html,逼老人孩子裸女冲锋 共军如此丧心病狂
https://www.secretchina.com/news/gb/2020/04/06/928743.html,中共末日：华人民调压倒性结论惊人
https://www.epochtimes.com/gb/20/4/6/n12008434.htm,雷神山工人：我们舍命逆行 利用完就被抛弃
https://www.ntdtv.com/gb/2020/04/06/a102816683.html,中共病毒挑人？死亡者中党员占比88%
https://www.ntdtv.com/gb/2020/04/05/a102816175.html,三大事件冲击中南海 太子党真想政变？
https://www.ntdtv.com/gb/2020/04/04/a102815615.html,中南海深夜枪响 大批军人进京
https://www.secretchina.com/news/gb/2020/04/05/928628.html,最大风暴初现端倪之：越南禁止粮食出口
https://www.epochtimes.com/gb/20/4/4/n12003749.htm,被迫签疫情保密协议 武汉医护诉亲身遭遇
https://www.secretchina.com/news/gb/2020/04/04/928590.html,天主教界首位 缅甸主教痛批“中共是全人类的威胁”
https://www.secretchina.com/news/gb/2020/04/03/928499.html,再次突变 武汉解除封城无望？
https://www.ntdtv.com/gb/2020/04/04/a102815828.html,纽时：疫情爆发后 中共5周扫光全球20亿个口罩
https://www.secretchina.com/news/gb/2020/04/01/928220.html,实锤：东京大学教授爆料 去年十月就知道大陆病毒泄漏
https://www.secretchina.com/news/gb/2020/03/27/927682.html,传马云、柳传志联名企业家上书习近平 吁释放任志强
https://www.ntdtv.com/gb/2020/03/27/a102809467.html,任志强绝食消息流出 网传其失联日记
https://www.ntdtv.com/gb/2020/03/30/a102811415.html,传任志强因绝食致心脏衰竭 被紧急送院抢救
https://www.secretchina.com/news/gb/2020/03/27/927681.html,传任志强审讯情况曝光 被控捐款给华尔街智库
https://www.epochtimes.com/gb/20/4/2/n11998432.htm,【疫情透视】养虎为患 美国疫情为何严重
https://www.epochtimes.com/gb/20/3/22/n11964183.htm,国难当前，山东政法委打击重点如此荒诞！
https://www.epochtimes.com/gb/20/4/2/n11999063.htm,潘石屹儿子连发敏感信息暗批体制 网络关切
https://www.epochtimes.com/gb/20/4/2/n11999329.htm,中共军方专家内部讲话：武汉第一代病人死了1/3
https://www.ntdtv.com/gb/2020/03/30/a102811476.html,用羟氯喹治愈699例 纽约一医生成功率100%
http://ntdtv.com/gb/2020/03/31/a102812218.html,这需要怎样的勇气：昔日小粉红 实名公开促中共下台
https://www.ntdtv.com/gb/2020/03/30/a102811801.html,安徽官员最新调研：大饥荒、大萧条、大崩溃将临
https://www.ntdtv.com/gb/2020/03/31/a102812244.html,一个更大的感染群体成中共高度机密
https://www.ntdtv.com/gb/2020/03/30/a102811589.html,知情人：八宝山火葬场支援武汉 领骨灰排半年以后
https://www.secretchina.com/news/gb/2020/03/31/928054.html,【宋紫凤专栏】病毒七大特征 全息成象惊人对应(图)中共病毒
https://www.epochtimes.com/gb/20/3/27/n11981662.htm,【文史】大难前如何避祸 埃及十灾给启示
https://www.secretchina.com/news/gb/2020/03/30/928002.html,印度都给穷人发钱了 武汉人还在哭诉全家即将被饿死，中国人还自掏隔离费
https://www.epochtimes.com/gb/20/3/27/n11981153.htm,从这个数据看全球中共病毒疫情 结果很意外
https://www.ntdtv.com/gb/2020/03/29/a102811323.html,地狱景象：网络热传《武汉殡葬工自述》
https://www.ntdtv.com/gb/2020/03/30/a102811408.html,护士对媒体披露中共病毒的一个关键症状
https://www.epochtimes.com/gb/20/3/28/n11982118.htm,【十字路口】赣鄂警察冲突 4大挑战冲击中共
https://www.ntdtv.com/gb/2020/03/29/a102811032.html,重磅：不是病毒源头？华南海鲜市场人员录音曝光
https://www.epochtimes.com/gb/20/3/25/n11974494.htm,分析：中共展开“病毒外交”的背后意图
https://github.com/gfw-breaker/mh-news/blob/master/pages/251/402505.md,中共活摘器官“纵向证据链”分析
https://github.com/gfw-breaker/mh-news/blob/master/pages/251/402742.md,武汉肺炎易感染人群分析
https://github.com/gfw-breaker/mh-news/blob/master/pages/78/402478.md,佛光普照驱瘟邪
https://www.epochtimes.com/gb/20/3/10/n11928818.htm,【特稿】武汉病毒针对共产党而来
https://www.ntdtv.com/gb/2020/03/17/a102801373.html,共党员大量死亡名单曝光 死因惊人一致
https://www.ntdtv.com/gb/2020/03/28/a102810701.html,网曝上海疫情严重：酒店被征作病房 警称9月开学
https://www.ntdtv.com/gb/2020/03/26/a102808869.html,内斗还是甩锅？李克强暗示疫情有鬼
https://www.secretchina.com/news/gb/2020/03/27/927592.html,殡仪馆人龙领骨灰遭删文 民揭“一抬手机就有人来制止”
https://www.ntdtv.com/gb/2020/03/25/a102808055.html,港媒：中国大量患者隔离至“自然死” 埋山林
https://www.secretchina.com/news/gb/2020/02/10/922597.html,路德曝美国已掌握病毒证据 中共军管P4实验室是为销毁证据
https://www.secretchina.com/news/gb/2020/03/17/926541.html,中共肺炎源于武漢病毒所的几大证据
https://www.secretchina.com/news/gb/2020/03/22/927143.html,“红二代”吁政治局扩大会 紧急讨论习近平问题？
https://www.ntdtv.com/gb/2020/03/26/a102808592.html,任志强：这个制度已烂透 必须推倒这堵墙
https://www.ntdtv.com/gb/2020/03/25/a102807988.html,三峡大坝危在旦夕？传上游山体大滑坡
https://www.epochtimes.com/gb/20/3/25/n11974212.htm,专家：为保政权 中共展开病毒信息战
http://ntdtv.com/gb/2020/03/25/a102807907.html,红二代“倒习”水深难测 习近平调兵防政变
https://www.epochtimes.com/gb/20/3/25/n11975285.htm,王赫：中共的4个豪赌
https://www.ntdtv.com/gb/2020/03/25/a102808221.html,网传“外籍华人”煽情视频 原来是个唐山演员
https://www.epochtimes.com/gb/20/3/26/n11975462.htm,传任志强事件被北京定为重案 任何人不得插手
https://www.epochtimes.com/gb/20/3/25/n11973385.htm,雷神山医院建设工人被隔离一个多月 上网求救
https://www.ntdtv.com/gb/2020/03/24/a102807531.html,美CDC：中共病毒在体外可存活17天
https://www.ntdtv.com/gb/2020/03/23/a102806599.html,重磅：中共去年9月开始研制武汉肺炎疫苗
https://www.ntdtv.com/gb/2020/03/24/a102807303.html,中共院士发声定调：第二次大疫情由海归华人背锅
https://www.ntdtv.com/gb/2020/03/24/a102807183.html,还原历史 美媒披露中共病毒爆发初期记录
https://www.ntdtv.com/gb/2020/03/24/a102807465.html,大数据：6万武汉人逃亡路线与全球疫情吻合
https://www.secretchina.com/news/gb/2020/03/25/927408.html,甩锅再战？中共卫健委专家甩给湖北官员
https://www.epochtimes.com/gb/20/3/24/n11970667.htm,任志强视频热传 批中共体制烂透 吁国人推墙
https://www.epochtimes.com/gb/20/3/24/n11971200.htm,组图：重庆等地雷电交加 冰雹大如手掌
https://www.secretchina.com/news/gb/2020/03/24/927297.html,【宋紫凤专栏】病毒与中共同在
https://www.ntdtv.com/gb/2020/03/24/a102806853.html,武汉人要索赔：他们屠杀老人 母亲不能这样冤死
https://www.epochtimes.com/gb/20/3/23/n11965411.htm,【疫情透视】纽约州为何成了重灾区？
https://www.epochtimes.com/gb/20/3/22/n11964530.htm,大陆医生揭医院黑幕：ICU里的“谋杀”
https://www.epochtimes.com/gb/20/3/23/n11968139.htm,马列教授千里散毒？意首例确诊病例身份曝光
https://www.ntdtv.com/gb/2020/03/24/a102806903.html,北京出大事？川习通话6小时后美军罕见大动作
https://www.ntdtv.com/gb/2020/03/24/a102806878.html,红二代“倒习”风波不止 幕后主使成迷
https://www.epochtimes.com/gb/20/3/23/n11964881.htm,武汉病例清零内幕被曝光 北京通知露端倪
https://www.epochtimes.com/gb/20/3/23/n11965551.htm,分析：大疫之下中国两千万手机用户消失
https://www.ntdtv.com/gb/2020/03/22/a102805871.html,捐赠口罩千万片？ 大马民众怒怼中共大外宣造谣
https://www.ntdtv.com/gb/2020/03/22/a102805575.html,中共由病毒元凶变身抗疫恩人的惊天骗术
https://www.ntdtv.com/gb/2020/03/21/a102805335.html,江苏医生：中共秘密扩建医院 准备第二次疫情爆发
https://www.ntdtv.com/gb/2020/03/22/a102805501.html,分析：北京强风巨浪很邪乎 中南海头头闹别扭
https://www.ntdtv.com/gb/2020/03/22/a102805752.html,全家染疫离世 再有武汉人悲愤跳楼(视频)
https://www.epochtimes.com/gb/20/3/22/n11963263.htm,【一线采访】武汉市民：对政府彻底失望
https://www.secretchina.com/news/gb/2020/03/23/927165.html,大瘟疫打乱北京布局？传四高官调动引而未发
https://www.ntdtv.com/gb/2020/03/20/a102804177.html,别信网络谣言了！美国防疫的真相是这样的
https://www.epochtimes.com/gb/20/3/20/n11958198.htm,华邮：不是“中国病毒”而是“中共病毒”
https://ntdtv.com/gb/2020/03/22/a102805536.html,失去利用价值  归国避疫人员遭遇中共冷脸、歧视
https://www.secretchina.com/news/gb/2020/03/22/927128.html,中共病毒在中国清零了？海外华人一番话点醒国人(组图)
https://www.secretchina.com/news/gb/2020/03/22/927120.html,女华侨奔波30小时回国染病 “早知这样绝不回来！”
https://secretchina.com/news/gb/2020/03/22/927116.html,勇敢中国女孩吁向美国道歉：共产党可耻
https://www.epochtimes.com/gb/20/3/21/n11961279.htm,海外华人疫期回国 被指成了中共“眼中钉”
https://www.epochtimes.com/gb/20/3/22/n11962341.htm,对北京掩盖疫情失望 川普：中共非常诡秘
https://www.epochtimes.com/gb/20/3/21/n11959960.htm,玉清心：器官移植专家林正斌死于中共病毒的背后
https://www.epochtimes.com/gb/20/3/20/n11959036.htm,改叫“中共病毒” 英文大纪元文章获赞
https://www.ntdtv.com/gb/2020/03/20/a102804604.html,为何叫“中共病毒”？分析：关乎未来追责与赔偿
https://www.epochtimes.com/gb/20/3/21/n11961754.htm,中共另类瘟疫：特务五毛发难 潜入各国祸乱
https://ntdtv.com/gb/2020/03/21/a102805373.html,甩锅美军遇阻 党媒又炒作“意大利疫情早于中国”
https://www.epochtimes.com/gb/20/3/18/n11949926.htm,瘟疫进入欧亚 “一带一路”变“一带疫路”
https://www.ntdtv.com/gb/2020/03/10/a102796539.html,桓宇：各国武肺疫情轻重 与其亲共程度成正比
https://www.secretchina.com/news/gb/2020/03/21/926997.html,我遇到了病毒 它说出了下一步的计划
https://www.secretchina.com/news/gb/2020/03/11/925764.html,为何这些国家疫情特严重？以色列宗教学者道出玄机
https://www.epochtimes.com/gb/20/3/15/n11942593.htm,港抗疫显奇迹 天灭中共成保命符
https://www.epochtimes.com/gb/20/3/17/n11947324.htm,德国多地首批感染者为何都是医生？
https://www.ntdtv.com/gb/2020/03/21/a102804940.html,网传“紧急疫情通报”：武昌区疫情再次爆发
https://www.secretchina.com/news/gb/2020/03/21/926445.html,相信中共阻拦家人去台湾 她们满盘皆输懊悔万分
https://www.secretchina.com/news/gb/2020/03/20/926903.html,被暗杀27次不死 王岐山称自己有特异功能
https://www.secretchina.com/news/gb/2020/03/15/926243.html,港风水师：武汉瘟疫击灭中共 杀九留一 与之割席方留命
https://www.ntdtv.com/gb/2020/03/16/a102800824.html,你补贴了吗？看看各国政府都有哪些疫情补贴措施
https://www.epochtimes.com/gb/20/3/19/n11955296.htm,川普批评中共隐瞒疫情 让世界付出巨大代价
https://www.ntdtv.com/gb/2020/03/19/a102803835.html,人均1000美元: 抗中共病毒 白宫将于三周内向美家庭发补助
https://www.epochtimes.com/gb/20/3/19/n11953667.htm,大陆网络流传的一份死亡名单 引关注
https://www.epochtimes.com/gb/20/3/19/n11954584.htm,李文亮调查结果出炉难平民愤 当局狂删帖
http://ntdtv.com/gb/2020/03/19/a102803752.html,美中关系全面恶化 学者:只差一步关使馆
https://www.ntdtv.com/gb/2020/03/20/a102804041.html,受骗回国的回国留学生  在上海隔离点跳楼亡
https://www.ntdtv.com/gb/2020/03/19/a102803905.html,华人回国避疫挤破头 红二代为何不回？
https://www.ntdtv.com/gb/2020/03/20/a102804063.html,全球名人感染肺炎一览 世粮署执行长也中招
https://www.ntdtv.com/gb/2020/03/16/a102800995.html,美推法案调查中共隐瞒疫情 美国人起诉中共政府
https://www.epochtimes.com/gb/20/3/16/n11943372.htm,“回国避疫”和“中国式撤侨”的真相
https://www.secretchina.com/news/gb/2020/03/17/926484.html,那些曾为同胞扫货买口罩的海外华人 看完这些你心寒了吗？
https://www.epochtimes.com/gb/20/3/15/n11942656.htm,集中营: 武汉再建四周围电网的新方舱医院
https://www.epochtimes.com/gb/20/3/16/n11943071.htm,武汉医生揭中共关闭方舱内幕：政治任务
https://www.secretchina.com/news/gb/2020/03/17/926515.html,随笔：后瘟疫时代的地球
https://www.ntdtv.com/gb/2020/03/16/a102800836.html,2020庚子年： 会发生哪些重大事件？
https://www.secretchina.com/news/gb/2020/03/17/926436.html,意民播中共国歌？华春莹“假新闻”遭揭穿
https://www.ntdtv.com/gb/2020/03/16/a102801004.html,官媒忙降温？赵立坚及五毛被打脸
https://www.epochtimes.com/gb/20/3/15/n11942229.htm,大陆原卫生高官：疫情恐再爆发 谎言将破灭
https://www.epochtimes.com/gb/20/3/15/n11942905.htm,纽约华人：病毒针对中共千真万确
https://www.ntdtv.com/gb/2020/03/17/a102801188.html,方方：借陆游三个字：错，错，错……
https://www.epochtimes.com/gb/20/3/11/n11933235.htm,王赫：武汉病毒长眼与天灭中共
https://www.ntdtv.com/gb/2020/03/04/a102791659.html,湖北染疫狱警为何退党并感谢法轮功
https://www.epochtimes.com/gb/20/3/12/n11935110.htm,专家：WHO亲共祸及全球 抗疫与抗共密不可分
https://www.ntdtv.com/gb/2020/03/15/a102800015.html,官媒造假激怒中国媒体人 群起反击中共
https://www.ntdtv.com/gb/2020/03/15/a102800150.html,央视发热记者欲入白宫采访 入场前被拦截
https://www.ntdtv.com/gb/2020/03/15/a102799987.html,湖北幼儿饿死家中 29岁妈出门抢食被抓(视频)
https://www.epochtimes.com/gb/20/3/14/n11940407.htm,武汉方舱爆九成患者带毒出院 社区传播者再现
https://www.secretchina.com/news/gb/2020/03/15/926329.html,确诊人数为何骤降？武汉医生一语戳穿谎言(组图)
https://www.ntdtv.com/gb/2020/03/13/a102799057.html,中共甩锅美国“用力过猛” 胡锡进无奈出面辟谣
http://ntdtv.com/gb/2020/03/13/a102798878.html,中共内部文件：武汉零号病人出现在11月17日前
https://www.secretchina.com/news/gb/2020/03/14/926189.html,中国确诊病例清零真相 中共密件曝光
https://www.epochtimes.com/gb/20/3/13/n11938748.htm,夫人确诊新冠病毒 特鲁多与北京关系盘点
https://www.ntdtv.com/gb/2020/03/14/a102799187.html,被迫买高价低质菜 孝感业主也怒了
https://www.ntdtv.com/gb/2020/03/14/a102799266.html,家庭灭门惨剧！武汉曝孤儿隔离点(视频)
https://www.ntdtv.com/gb/2020/03/12/a102797754.html,黄昏下的彷徨：评习近平访武汉
https://www.ntdtv.com/gb/2020/03/12/a102797912.html,武汉90后：要不是会翻墙 说不定进了焚尸炉
https://www.ntdtv.com/gb/2020/03/12/a102797903.html,中共全力“甩锅”武汉肺炎 外媒捏住7大死穴
https://www.ntdtv.com/gb/2020/03/12/a102797898.html,伊朗两名副总统确诊 主持人直播中突然跪倒
https://www.epochtimes.com/gb/20/3/12/n11936264.htm,孝感高价菜引爆大规模抗议 市民怒喊“下课”
https://www.epochtimes.com/gb/20/3/12/n11936325.htm,红三代批中共搞白色恐怖 两次暗批王沪宁
https://www.epochtimes.com/gb/20/3/12/n11934303.htm,不防瘟疫防百姓：山东公文曝光 中共借防疫加强监控
https://www.epochtimes.com/gb/20/3/12/n11936289.htm,发哨人引爆舆情 习访武汉 官宣破产
https://www.ntdtv.com/gb/2020/03/11/a102797238.html,武汉又爆大规模群聚感染 上海秘密启动方舱医院
https://www.secretchina.com/news/gb/2020/03/12/925881.html,柬埔寨疫情大爆发？网爆大量民众死于武汉肺炎
https://www.epochtimes.com/gb/20/3/11/n11933475.htm,靠北京太紧？ 伊朗最高领导层染疫病死
https://www.ntdtv.com/gb/2020/03/12/a102797692.html,国际舆论谴责中共造假 导致疫情扩散全球
http://secretchina.com/news/gb/2020/03/12/925952.html,10149人感染武肺 意大利网民都在愤怒声讨一个人
https://www.epochtimes.com/gb/20/3/11/n11932830.htm,“发哨人”专访被封杀 网民奇招接力转发
https://www.epochtimes.com/gb/20/3/11/n11931430.htm,尸检医生：新冠病毒很像SARS＋艾滋病
https://www.epochtimes.com/gb/20/3/9/n11927475.htm,习到访武汉 分析：习在党内遭孤立
https://www.epochtimes.com/gb/20/3/12/n11934044.htm,武汉90后拒绝再沉默：我有义务为死者发声
https://www.epochtimes.com/gb/20/3/11/n11933129.htm,武汉青山区用垃圾车运菜运肉 引民愤
https://github.com/gfw-breaker/mh-news/blob/master/pages/251/402014.md,从历代皇帝的“罪己诏” 看共产恶党的邪恶
https://www.epochtimes.com/gb/20/3/9/n11927950.htm,封城45天 武汉老人：我想在死前吃一块肉
https://www.epochtimes.com/gb/20/3/10/n11930378.htm,高楼布狙击手 习访武汉3大用意？
https://www.epochtimes.com/gb/20/3/10/n11929515.htm,组图：习近平到武汉 网民披露各家遭遇
https://www.epochtimes.com/gb/20/3/10/n11930181.htm,习近平视察武汉 市民打横幅：我们要吃肉
https://www.ntdtv.com/gb/2020/03/10/a102796671.html,武汉医生讲述抗疫惨烈经历 揭穿共青团“造谣式辟谣”
https://www.ntdtv.com/gb/2020/03/10/a102796662.html,没有防护服 一家四口住华南海鲜市场43天无感染
https://www.epochtimes.com/gb/20/3/10/n11930766.htm,网传中共洗脑文件 煽动如何在疫情上反美
https://www.secretchina.com/news/gb/2020/03/06/925007.html,预言中避免“大灾难”和“大瘟疫”的秘诀
https://www.ntdtv.com/gb/2020/03/09/a102795835.html,天疫有眼？ 与中共“深度融合”致多国疫情扩散
https://www.ntdtv.com/gb/2020/02/10/a102774026.html,欲摆脱瘟疫 先远离红魔
https://www.epochtimes.com/gb/20/3/9/n11927716.htm,分析：中共疫情谎言 信以为真将付惨痛代价
https://www.epochtimes.com/gb/20/3/9/n11927779.htm,李承鹏：你表演正能量时能不能学着体面些
https://www.epochtimes.com/gb/20/3/9/n11926154.htm,湖北人在外地找不到工作 生活陷入困境
https://www.epochtimes.com/gb/20/3/9/n11926564.htm,田云：韩国武肺疫情严重 亲近中共得不偿失
https://www.epochtimes.com/gb/20/3/9/n11925865.htm,感恩论犯众怒 中共密令曝光 官方态度大转弯
https://www.epochtimes.com/gb/20/3/8/n11924861.htm,疫情下民愤高涨 中共文宣屡屡败退
https://www.epochtimes.com/gb/20/3/9/n11928097.htm,旅美武大博士流泪呐喊：拆掉防火墙 还原真相
https://www.ntdtv.com/gb/2020/03/04/a102791922.html,许茹：湖北警察感染疫病多 莫再当中共炮灰
https://www.ntdtv.com/gb/2020/03/09/a102795157.html,大疫悲歌：逃过冠状病毒逃不了中共“官”状病毒
https://www.epochtimes.com/gb/20/3/8/n11924549.htm,雪上加霜！中国东北地区爆发甲肝疫情
https://www.epochtimes.com/gb/20/3/8/n11924689.htm,泰国代表“高级酸”WHO 各国代表忍不住笑
https://www.secretchina.com/news/gb/2020/03/09/925580.html,朝鲜富商千金放弃大豪宅 泳渡鸭绿江脱北
https://www.secretchina.com/news/gb/2020/03/09/925569.html,史诗级崩盘：沙特发动油价战 原油开盘暴跌30%！
https://www.secretchina.com/news/gb/2020/03/09/925132.html,善与恶的距离只在一念之间
https://www.ntdtv.com/gb/2020/03/08/a102794763.html,方方日记：政府，请收起傲慢向武汉人民感恩
https://www.epochtimes.com/gb/20/3/7/n11922727.htm,新一批中共恶人名单递美加英澳新五国政府
https://www.ntdtv.com/gb/2020/03/07/a102794055.html,蓬佩奥触中共大忌：武汉肺炎病毒来自中国
http://epochtimes.com/gb/20/3/7/n11923199.htm,【珍言真语】袁弥昌：媚共国家政权或变天
https://www.ntdtv.com/gb/2020/03/07/a102794483.html,揭秘中共军事技术：“制脑权”和基因攻击
https://www.ntdtv.com/gb/2020/03/07/a102794082.html,武汉下令“感恩党” 网友怒吼：毫无人性
https://www.ntdtv.com/gb/2020/03/07/a102793795.html,重磅：传东部战区兵变动用火箭炮 战机坠落天津
https://www.ntdtv.com/gb/2020/03/06/a102793595.html,武汉肺移植的深刻背景：血债帮吹响号角 习近平面临的生死抉择
https://www.epochtimes.com/gb/20/3/6/n11921264.htm,隔离点生活非官方宣传 病人打电话要饭吃
https://www.epochtimes.com/gb/20/3/6/n11920883.htm,何清涟：北京改写武肺灾难史 注定徒劳
https://www.ntdtv.com/gb/2020/03/05/a102792758.html,武汉市民求救：封城40天只收到4次蔬菜 快饿死了
https://www.epochtimes.com/gb/20/3/5/n11918444.htm,国难之时国难财：政府涨价 几无收入 武汉民众直呼捐赠被谁“吞”了！
https://www.secretchina.com/news/gb/2020/03/06/925283.html,习近平猛甩锅蒋超良？未刊发讲话曝光
https://www.ntdtv.com/gb/2020/03/06/a102792969.html,孙春兰访武汉 小区业主高喊“都是假的”
https://www.ntdtv.com/gb/2020/03/05/a102792412.html,疫情再次爆发？飞往北京上海等航班大量取消
https://www.ntdtv.com/gb/2020/03/05/a102792712.html,掩耳盗铃：湖北下令，出现新增病例，负责官员就被追责
https://www.secretchina.com/news/gb/2020/03/06/925291.html,原湖北书记蒋超良被免后有新消息
https://www.ntdtv.com/gb/2020/03/05/a102792776.html,把人当猪？路透:中共应对武汉肺炎和非洲猪瘟惊人相似
https://www.epochtimes.com/gb/20/3/5/n11917765.htm,封城陷绝境的市民：怎么活
https://www.ntdtv.com/gb/2020/03/06/a102792967.html,武汉肺炎基因突变 出院患者多复发
https://www.ntdtv.com/gb/2020/03/05/a102792305.html,当局封户没有食物，武汉一对老人跳楼自杀
http://ntdtv.com/gb/2020/03/05/a102792168.html,外媒赞台湾成功控制疫情 只用了一招
https://www.ntdtv.com/gb/2020/03/05/a102792194.html,前线医护拚命救援 后方领导日捞万元
https://www.epochtimes.com/gb/20/3/4/n11914878.htm,伪民族主义触礁 中共不是中国人
https://www.ntdtv.com/gb/2020/03/04/a102791414.html,夜话中南海：政治局里无男儿 只有一个老太婆
https://www.secretchina.com/news/gb/2020/03/05/925184.html,武汉日记：我的悲伤 也要有一席之地
https://www.secretchina.com/news/gb/2020/03/04/925053.html,实物为王的时代开始
https://www.ntdtv.com/gb/2020/03/03/a102791131.html,王沪宁粉饰疫情惹众怒 遭中国公民实名举报
/7year.md,7年前媒体报导：中共密制超级病毒 可杀上亿人？
/DGXM.md,首推：人道灾难中的大国小民(桑雨)
https://www.ntdtv.com/gb/2020/03/01/a102788970.html,崔永元民调：多数人认为新冠病毒“系人造”
https://www.secretchina.com/news/gb/2020/03/02/924840.html,口罩掩盖下的贫穷：5.6亿人存款为0而物价飞涨
https://www.secretchina.com/news/gb/2020/03/02/924836.html,天灾人祸夹击 武汉人在崩溃边缘
http://secretchina.com/news/gb/2020/03/01/924722.html,习近平捐款后党员群起“捐献”有人危险了
https://www.epochtimes.com/gb/20/3/1/n11906380.htm,川人：瘟疫失控 中共面临空前危机
https://www.ntdtv.com/gb/2020/03/01/a102789030.html,网文：都说日本危险了！是我们搞错了！
https://www.secretchina.com/news/gb/2020/03/01/924748.html,公开甩锅习近平的武汉市长被点名表扬
https://www.epochtimes.com/gb/20/2/28/n11903401.htm,钟南山自曝疾控中心没权力的背后
https://www.epochtimes.com/gb/20/2/29/n11905405.htm,周晓辉：北京出昏招 川普拟动用一法案反击
https://www.secretchina.com/news/gb/2020/02/28/924601.html,邢仁涛：习近平你再不清算党 党就要杀你了(图)
https://www.secretchina.com/news/gb/2020/02/29/924606.html,习家军敌不过湖北帮？引火烧向北京
https://www.secretchina.com/news/gb/2020/02/29/924657.html,俄警满大街抓华人 中国人如惊弓之鸟 华大妈沉默 五毛吓尿
https://www.ntdtv.com/gb/2020/02/24/a102784442.html,爆料：很多武汉患者活着被裹上尸袋烧掉
https://www.ntdtv.com/gb/2020/02/27/a102787285.html,内幕:武汉大量销毁外省捐助食物 保官方供应高价
https://www.epochtimes.com/gb/20/2/27/n11901041.htm,北京新增11人确诊 网信办核心机构沦陷
https://www.epochtimes.com/gb/20/2/27/n11900818.htm,伊朗副总统等四高官感染新冠病毒
https://www.epochtimes.com/gb/20/2/27/n11901180.htm,两确诊病人闯入北京或涉栗战书 传习大怒
https://www.epochtimes.com/gb/20/2/27/n11901020.htm,何清涟：中国掌控联合国机构越多 世界越糜烂
https://www.ntdtv.com/gb/2020/02/25/a102785243.html,武汉疫情惊醒全球 各国加速与中共“脱钩”
https://www.ntdtv.com/gb/2020/02/25/a102785548.html,四川女8次检测才确诊 广州13患者出院变阳性
https://www.secretchina.com/news/gb/2020/02/26/924310.html,朝鲜一监狱看守和女犯 展开一场史无前例的逃跑计划
https://www.secretchina.com/news/gb/2020/02/25/924228.html,习近平同意两会延期的真正原因曝光？
https://www.epochtimes.com/gb/20/2/25/n11894490.htm,瘟疫传全球 央视前主持人：中共需向世界道歉
https://www.epochtimes.com/gb/20/2/25/n11893802.htm,武汉人被迫团购过活 230元买全肥生虫猪肉
https://www.ntdtv.com/gb/2020/02/25/a102785243.html,武汉疫情惊醒全球 各国加速与中共“脱钩”
https://www.epochtimes.com/gb/20/2/24/n11893329.htm,武汉深夜 四处传来凄厉吼叫 台艺人：地狱的声音
https://www.secretchina.com/news/gb/2020/02/24/924130.html,大厦将倾 习近平7常委露面讲话透露重要信息
https://www.epochtimes.com/gb/20/2/24/n11891989.htm,甩锅论再起 武汉宣布解封后突然叫停
https://www.epochtimes.com/gb/20/2/24/n11892816.htm,浙江监狱引进性服务导致疫情爆发
https://www.secretchina.com/news/gb/2020/02/25/924156.html,全球扩散不可避免？德专家：武汉肺炎无法抑制
https://www.secretchina.com/news/gb/2020/02/23/924038.html,邢仁涛：爆料武汉肺炎已死20万而不是2千
https://www.secretchina.com/news/gb/2020/02/24/924040.html,日专家估：中国40％人口遭感染 3月底至5月底达高峰
https://www.secretchina.com/news/gb/2020/02/25/924225.html,美中新闻自由不平衡 美国不再容忍了 传考虑驱逐中国记者
https://www.ntdtv.com/gb/2020/02/24/a102784670.html,政令难出中南海？习近平连线17万人开会史无前例
https://www.ntdtv.com/gb/2020/02/25/a102784940.html,世卫官员说漏嘴 到武汉没去“脏区”
https://www.ntdtv.com/gb/2020/02/22/a102783383.html,中科院承认海鲜市场非疫源地 去年11月已人传人
https://www.ntdtv.com/gb/2020/02/22/a102783453.html,美情报界追查新冠疫情 传中共高层订逃离计划
https://www.ntdtv.com/gb/2020/02/22/a102782910.html,灵媒预言：武汉肺炎今年爆发 而且无药可救
